feature_method,classifier,accuracy,precision_sports,recall_sports,f1_sports,train_time_sec,inference_time_sec,vocab_size
ngram_count_1_2,knn,0.9671848013816926,0.9651567944250871,0.9685314685314685,0.9668411867364747,0.0013229000005594571,0.033539899999595946,4848
bow_unigram,knn,0.9671848013816926,0.968421052631579,0.965034965034965,0.9667250437828371,0.0011353999998391373,0.035032400000091,2975
tfidf_unigram,random_forest,0.9671848013816926,0.989010989010989,0.9440559440559441,0.9660107334525939,0.45828200000050856,0.0616016000003583,2975
ngram_count_1_2,random_forest,0.9671848013816926,0.992619926199262,0.9405594405594405,0.9658886894075404,0.3798679000001357,0.03618629999982659,4848
tfidf_unigram,knn,0.9654576856649395,0.9683098591549296,0.9615384615384616,0.9649122807017544,0.0011830000003101304,0.04190839999955642,2975
bow_unigram,random_forest,0.9654576856649395,0.9889705882352942,0.9405594405594405,0.96415770609319,0.2814732999995613,0.03646059999937279,2975
bow_unigram,decision_tree,0.8981001727115717,0.8388059701492537,0.9825174825174825,0.9049919484702094,0.03507550000085757,0.0004144000004089321,2975
tfidf_unigram,decision_tree,0.8981001727115717,0.8388059701492537,0.9825174825174825,0.9049919484702094,0.03730770000038319,0.0005271999998512911,2975
ngram_count_1_2,decision_tree,0.8946459412780656,0.8338278931750742,0.9825174825174825,0.9020866773675762,0.04205950000050507,0.0005076000006738468,4848
